-- Clear existing data (optional, uncomment if needed)
-- DELETE FROM messages;
-- DELETE FROM documents;
-- DELETE FROM hearings;
-- DELETE FROM cases;
-- DELETE FROM clients;
-- DELETE FROM users;

-- Insert Users (password for all users is 'password123' hashed with BCrypt)
INSERT INTO users (id, name, email, password, role, contact_number) VALUES
                                                                        ('550e8400-e29b-41d4-a716-446655440001', 'John Smith', 'admin@legalcms.com', '$2a$10$EixZaYVK1fsbw1ZfbX3OXePaWxn96p36WQoeG6Lruj3vjPGga31lW', 'ADMIN', '+1-555-0101'),
                                                                        ('550e8400-e29b-41d4-a716-446655440002', 'Sarah Johnson', 'sarah.johnson@legalcms.com', '$2a$10$EixZaYVK1fsbw1ZfbX3OXePaWxn96p36WQoeG6Lruj3vjPGga31lW', 'LAWYER', '+1-555-0102'),
                                                                        ('550e8400-e29b-41d4-a716-446655440003', 'Michael Chen', 'michael.chen@legalcms.com', '$2a$10$EixZaYVK1fsbw1ZfbX3OXePaWxn96p36WQoeG6Lruj3vjPGga31lW', 'LAWYER', '+1-555-0103'),
                                                                        ('550e8400-e29b-41d4-a716-446655440004', 'Emily Davis', 'emily.davis@legalcms.com', '$2a$10$EixZaYVK1fsbw1ZfbX3OXePaWxn96p36WQoeG6Lruj3vjPGga31lW', 'LAWYER', '+1-555-0104'),
                                                                        ('550e8400-e29b-41d4-a716-446655440005', 'Robert Wilson', 'robert.wilson@legalcms.com', '$2a$10$EixZaYVK1fsbw1ZfbX3OXePaWxn96p36WQoeG6Lruj3vjPGga31lW', 'PARALEGAL', '+1-555-0105'),
                                                                        ('550e8400-e29b-41d4-a716-446655440006', 'Jessica Martinez', 'jessica.martinez@legalcms.com', '$2a$10$EixZaYVK1fsbw1ZfbX3OXePaWxn96p36WQoeG6Lruj3vjPGga31lW', 'PARALEGAL', '+1-555-0106'),
                                                                        ('550e8400-e29b-41d4-a716-446655440007', 'David Thompson', 'david.thompson@legalcms.com', '$2a$10$EixZaYVK1fsbw1ZfbX3OXePaWxn96p36WQoeG6Lruj3vjPGga31lW', 'LAWYER', '+1-555-0107'),
                                                                        ('550e8400-e29b-41d4-a716-446655440008', 'Lisa Anderson', 'lisa.anderson@legalcms.com', '$2a$10$EixZaYVK1fsbw1ZfbX3OXePaWxn96p36WQoeG6Lruj3vjPGga31lW', 'PARALEGAL', '+1-555-0108'),
                                                                        ('550e8400-e29b-41d4-a716-446655440009', 'Admin User', 'admin@legalfirm.com', 'Admin@123', 'ADMIN', '+1-555-0108');

-- Insert Clients
INSERT INTO clients (id, name, contact_info, address) VALUES
                                                          ('650e8400-e29b-41d4-a716-446655440001', 'ABC Corporation', 'contact@abccorp.com, +1-555-0201', '123 Business Ave, New York, NY 10001'),
                                                          ('650e8400-e29b-41d4-a716-446655440002', 'XYZ Industries', 'info@xyzind.com, +1-555-0202', '456 Industrial Blvd, Los Angeles, CA 90001'),
                                                          ('650e8400-e29b-41d4-a716-446655440003', 'James Brown', 'jbrown@email.com, +1-555-0203', '789 Oak Street, Chicago, IL 60601'),
                                                          ('650e8400-e29b-41d4-a716-446655440004', 'Tech Innovations LLC', 'hello@techinno.com, +1-555-0204', '321 Silicon Way, San Francisco, CA 94101'),
                                                          ('650e8400-e29b-41d4-a716-446655440005', 'Global Traders Inc', 'trade@globaltraders.com, +1-555-0205', '654 Commerce St, Houston, TX 77001'),
                                                          ('650e8400-e29b-41d4-a716-446655440006', 'Maria Garcia', 'mgarcia@email.com, +1-555-0206', '987 Elm Avenue, Miami, FL 33101'),
                                                          ('650e8400-e29b-41d4-a716-446655440007', 'Green Energy Solutions', 'info@greenenergy.com, +1-555-0207', '147 Solar Drive, Phoenix, AZ 85001'),
                                                          ('650e8400-e29b-41d4-a716-446655440008', 'Johnson Family Trust', 'trust@johnsonfamily.com, +1-555-0208', '258 Estate Lane, Boston, MA 02101'),
                                                          ('650e8400-e29b-41d4-a716-446655440009', 'Digital Marketing Pro', 'contact@dmpro.com, +1-555-0209', '369 Media Blvd, Seattle, WA 98101'),
                                                          ('650e8400-e29b-41d4-a716-446655440010', 'Robert Lee', 'rlee@email.com, +1-555-0210', '741 Pine Street, Denver, CO 80201');

-- Insert Cases
INSERT INTO cases (id, title, description, status, client_id, assigned_lawyer_id, created_at) VALUES
                                                                                                  ('750e8400-e29b-41d4-a716-446655440001', 'ABC Corp vs. Supplier Contract Dispute', 'Breach of contract case regarding late delivery of materials causing production delays', 'OPEN', '650e8400-e29b-41d4-a716-446655440001', '550e8400-e29b-41d4-a716-446655440002','2023-11-20 14:00:00'),
                                                                                                  ('750e8400-e29b-41d4-a716-446655440002', 'XYZ Industries Patent Infringement', 'Defense against patent infringement claims from competitor', 'OPEN', '650e8400-e29b-41d4-a716-446655440002', '550e8400-e29b-41d4-a716-446655440003','2023-11-20 14:00:00'),
                                                                                                  ('750e8400-e29b-41d4-a716-446655440003', 'James Brown Personal Injury Claim', 'Car accident injury compensation case', 'PENDING', '650e8400-e29b-41d4-a716-446655440003', '550e8400-e29b-41d4-a716-446655440004','2023-11-20 14:00:00'),
                                                                                                  ('750e8400-e29b-41d4-a716-446655440004', 'Tech Innovations Employment Dispute', 'Former employee wrongful termination lawsuit', 'OPEN', '650e8400-e29b-41d4-a716-446655440004', '550e8400-e29b-41d4-a716-446655440002','2023-11-20 14:00:00'),
                                                                                                  ('750e8400-e29b-41d4-a716-446655440005', 'Global Traders Import License', 'Assistance with import/export licensing and compliance', 'CLOSED', '650e8400-e29b-41d4-a716-446655440005', '550e8400-e29b-41d4-a716-446655440003','2023-11-20 14:00:00'),
                                                                                                  ('750e8400-e29b-41d4-a716-446655440006', 'Maria Garcia Divorce Proceedings', 'Divorce settlement and custody arrangement', 'OPEN', '650e8400-e29b-41d4-a716-446655440006', '550e8400-e29b-41d4-a716-446655440007','2023-11-20 14:00:00'),
                                                                                                  ('750e8400-e29b-41d4-a716-446655440007', 'Green Energy Environmental Compliance', 'EPA compliance review and documentation', 'PENDING', '650e8400-e29b-41d4-a716-446655440007', '550e8400-e29b-41d4-a716-446655440004','2023-11-20 14:00:00'),
                                                                                                  ('750e8400-e29b-41d4-a716-446655440008', 'Johnson Family Estate Planning', 'Comprehensive estate planning and will preparation', 'CLOSED', '650e8400-e29b-41d4-a716-446655440008', '550e8400-e29b-41d4-a716-446655440007','2023-11-20 14:00:00'),
                                                                                                  ('750e8400-e29b-41d4-a716-446655440009', 'Digital Marketing Pro Trademark Registration', 'Trademark application for company logo and name', 'OPEN', '650e8400-e29b-41d4-a716-446655440009', '550e8400-e29b-41d4-a716-446655440003','2023-11-20 14:00:00'),
                                                                                                  ('750e8400-e29b-41d4-a716-446655440010', 'Robert Lee Real Estate Transaction', 'Commercial property purchase agreement review', 'PENDING', '650e8400-e29b-41d4-a716-446655440010', '550e8400-e29b-41d4-a716-446655440002','2023-11-20 14:00:00'),
                                                                                                  ('750e8400-e29b-41d4-a716-446655440011', 'ABC Corp Tax Audit Defense', 'IRS audit representation and documentation', 'OPEN', '650e8400-e29b-41d4-a716-446655440001', '550e8400-e29b-41d4-a716-446655440004','2023-11-20 14:00:00'),
                                                                                                  ('750e8400-e29b-41d4-a716-446655440012', 'XYZ Industries Merger Consultation', 'Legal due diligence for potential merger', 'CLOSED', '650e8400-e29b-41d4-a716-446655440002', '550e8400-e29b-41d4-a716-446655440007','2023-11-20 14:00:00');

-- Insert Hearings
INSERT INTO hearings (hearing_id, date, notes, case_id) VALUES
                                                            ('850e8400-e29b-41d4-a716-446655440001', '2025-01-20 10:00:00', 'Initial hearing for contract dispute - bring all contract documents', '750e8400-e29b-41d4-a716-446655440001'),
                                                            ('850e8400-e29b-41d4-a716-446655440002', '2025-01-22 14:30:00', 'Patent infringement preliminary hearing', '750e8400-e29b-41d4-a716-446655440002'),
                                                            ('850e8400-e29b-41d4-a716-446655440003', '2025-01-25 09:00:00', 'Personal injury mediation session', '750e8400-e29b-41d4-a716-446655440003'),
                                                            ('850e8400-e29b-41d4-a716-446655440004', '2025-01-28 11:00:00', 'Employment dispute arbitration', '750e8400-e29b-41d4-a716-446655440004'),
                                                            ('850e8400-e29b-41d4-a716-446655440005', '2024-12-15 10:00:00', 'Import license review meeting - COMPLETED', '750e8400-e29b-41d4-a716-446655440005'),
                                                            ('850e8400-e29b-41d4-a716-446655440006', '2025-02-03 13:00:00', 'Divorce settlement conference', '750e8400-e29b-41d4-a716-446655440006'),
                                                            ('850e8400-e29b-41d4-a716-446655440007', '2025-02-05 15:00:00', 'EPA compliance review meeting', '750e8400-e29b-41d4-a716-446655440007'),
                                                            ('850e8400-e29b-41d4-a716-446655440008', '2024-11-20 14:00:00', 'Estate planning final review - COMPLETED', '750e8400-e29b-41d4-a716-446655440008'),
                                                            ('850e8400-e29b-41d4-a716-446655440009', '2025-02-10 10:30:00', 'Trademark examination response deadline', '750e8400-e29b-41d4-a716-446655440009'),
                                                            ('850e8400-e29b-41d4-a716-446655440010', '2025-02-12 16:00:00', 'Property closing scheduled', '750e8400-e29b-41d4-a716-446655440010'),
                                                            ('850e8400-e29b-41d4-a716-446655440011', '2025-02-15 09:30:00', 'IRS audit initial meeting', '750e8400-e29b-41d4-a716-446655440011'),
                                                            ('850e8400-e29b-41d4-a716-446655440012', '2025-01-30 11:30:00', 'Follow-up hearing for contract dispute', '750e8400-e29b-41d4-a716-446655440001'),
                                                            ('850e8400-e29b-41d4-a716-446655440013', '2025-02-18 14:00:00', 'Custody hearing', '750e8400-e29b-41d4-a716-446655440006'),
                                                            ('850e8400-e29b-41d4-a716-446655440014', '2025-02-20 10:00:00', 'Patent case status conference', '750e8400-e29b-41d4-a716-446655440002');

-- Insert Documents
INSERT INTO documents (document_id, name, type, upload_date, case_id) VALUES
                                                                          ('950e8400-e29b-41d4-a716-446655440001', 'Original_Contract_ABC_Supplier.pdf', 'CONTRACT', '2025-01-10 09:15:00', '750e8400-e29b-41d4-a716-446655440001'),
                                                                          ('950e8400-e29b-41d4-a716-446655440002', 'Delivery_Records_2024.xlsx', 'EVIDENCE', '2025-01-10 09:30:00', '750e8400-e29b-41d4-a716-446655440001'),
                                                                          ('950e8400-e29b-41d4-a716-446655440003', 'Patent_US123456.pdf', 'PATENT', '2025-01-11 10:00:00', '750e8400-e29b-41d4-a716-446655440002'),
                                                                          ('950e8400-e29b-41d4-a716-446655440004', 'Competitor_Patent_Analysis.docx', 'LEGAL_BRIEF', '2025-01-11 14:00:00', '750e8400-e29b-41d4-a716-446655440002'),
                                                                          ('950e8400-e29b-41d4-a716-446655440005', 'Medical_Records_JBrown.pdf', 'MEDICAL_RECORD', '2025-01-12 11:00:00', '750e8400-e29b-41d4-a716-446655440003'),
                                                                          ('950e8400-e29b-41d4-a716-446655440006', 'Police_Report_Accident.pdf', 'POLICE_REPORT', '2025-01-12 11:30:00', '750e8400-e29b-41d4-a716-446655440003'),
                                                                          ('950e8400-e29b-41d4-a716-446655440007', 'Employment_Agreement_TechInno.pdf', 'CONTRACT', '2025-01-13 09:00:00', '750e8400-e29b-41d4-a716-446655440004'),
                                                                          ('950e8400-e29b-41d4-a716-446655440008', 'Termination_Letter.pdf', 'CORRESPONDENCE', '2025-01-13 09:15:00', '750e8400-e29b-41d4-a716-446655440004'),
                                                                          ('950e8400-e29b-41d4-a716-446655440009', 'Import_License_Application.pdf', 'LICENSE', '2024-11-01 10:00:00', '750e8400-e29b-41d4-a716-446655440005'),
                                                                          ('950e8400-e29b-41d4-a716-446655440010', 'Approved_Import_License.pdf', 'LICENSE', '2024-12-01 14:00:00', '750e8400-e29b-41d4-a716-446655440005'),
                                                                          ('950e8400-e29b-41d4-a716-446655440011', 'Marriage_Certificate.pdf', 'CERTIFICATE', '2025-01-14 13:00:00', '750e8400-e29b-41d4-a716-446655440006'),
                                                                          ('950e8400-e29b-41d4-a716-446655440012', 'Financial_Disclosure_Form.pdf', 'FINANCIAL', '2025-01-14 13:30:00', '750e8400-e29b-41d4-a716-446655440006'),
                                                                          ('950e8400-e29b-41d4-a716-446655440013', 'EPA_Compliance_Checklist.pdf', 'COMPLIANCE', '2025-01-15 11:00:00', '750e8400-e29b-41d4-a716-446655440007'),
                                                                          ('950e8400-e29b-41d4-a716-446655440014', 'Environmental_Impact_Report.pdf', 'REPORT', '2025-01-15 11:30:00', '750e8400-e29b-41d4-a716-446655440007'),
                                                                          ('950e8400-e29b-41d4-a716-446655440015', 'Last_Will_Testament_Johnson.pdf', 'WILL', '2024-10-15 14:00:00', '750e8400-e29b-41d4-a716-446655440008'),
                                                                          ('950e8400-e29b-41d4-a716-446655440016', 'Trust_Agreement_Johnson.pdf', 'TRUST', '2024-10-15 14:30:00', '750e8400-e29b-41d4-a716-446655440008'),
                                                                          ('950e8400-e29b-41d4-a716-446655440017', 'Trademark_Application_DMP.pdf', 'TRADEMARK', '2025-01-16 10:00:00', '750e8400-e29b-41d4-a716-446655440009'),
                                                                          ('950e8400-e29b-41d4-a716-446655440018', 'Logo_Design_Files.zip', 'EVIDENCE', '2025-01-16 10:15:00', '750e8400-e29b-41d4-a716-446655440009'),
                                                                          ('950e8400-e29b-41d4-a716-446655440019', 'Property_Purchase_Agreement.pdf', 'CONTRACT', '2025-01-17 15:00:00', '750e8400-e29b-41d4-a716-446655440010'),
                                                                          ('950e8400-e29b-41d4-a716-446655440020', 'Property_Inspection_Report.pdf', 'REPORT', '2025-01-17 15:30:00', '750e8400-e29b-41d4-a716-446655440010');

-- Insert Messages
INSERT INTO messages (id, sender_id, receiver_id, content, timestamp) VALUES
                                                                          ('a50e8400-e29b-41d4-a716-446655440001', '550e8400-e29b-41d4-a716-446655440002', '550e8400-e29b-41d4-a716-446655440005', 'Please prepare the contract review summary for ABC Corp case by EOD', '2025-01-18 09:00:00'),
                                                                          ('a50e8400-e29b-41d4-a716-446655440002', '550e8400-e29b-41d4-a716-446655440005', '550e8400-e29b-41d4-a716-446655440002', 'Will have it ready by 4 PM. Found some interesting clauses that need your attention.', '2025-01-18 09:15:00'),
                                                                          ('a50e8400-e29b-41d4-a716-446655440003', '550e8400-e29b-41d4-a716-446655440003', '550e8400-e29b-41d4-a716-446655440006', 'Can you help me gather the prior art documents for the XYZ patent case?', '2025-01-18 10:00:00'),
                                                                          ('a50e8400-e29b-41d4-a716-446655440004', '550e8400-e29b-41d4-a716-446655440006', '550e8400-e29b-41d4-a716-446655440003', 'Sure, I have already compiled 15 relevant patents. Sending them to you now.', '2025-01-18 10:30:00'),
                                                                          ('a50e8400-e29b-41d4-a716-446655440005', '550e8400-e29b-41d4-a716-446655440004', '550e8400-e29b-41d4-a716-446655440008', 'Need the medical records organized for the Brown case hearing next week', '2025-01-18 11:00:00'),
                                                                          ('a50e8400-e29b-41d4-a716-446655440006', '550e8400-e29b-41d4-a716-446655440008', '550e8400-e29b-41d4-a716-446655440004', 'Already organized in chronological order. Created an index as well.', '2025-01-18 11:45:00'),
                                                                          ('a50e8400-e29b-41d4-a716-446655440007', '550e8400-e29b-41d4-a716-446655440001', '550e8400-e29b-41d4-a716-446655440002', 'Client ABC Corp wants an update on their case status', '2025-01-18 13:00:00'),
                                                                          ('a50e8400-e29b-41d4-a716-446655440008', '550e8400-e29b-41d4-a716-446655440002', '550e8400-e29b-41d4-a716-446655440001', 'I will call them this afternoon. We are making good progress.', '2025-01-18 13:15:00'),
                                                                          ('a50e8400-e29b-41d4-a716-446655440009', '550e8400-e29b-41d4-a716-446655440007', '550e8400-e29b-41d4-a716-446655440005', 'Please schedule a meeting with Maria Garcia for next Tuesday at 2 PM', '2025-01-18 14:00:00'),
                                                                          ('a50e8400-e29b-41d4-a716-446655440010', '550e8400-e29b-41d4-a716-446655440005', '550e8400-e29b-41d4-a716-446655440007', 'Meeting scheduled and confirmation sent to the client.', '2025-01-18 14:20:00'),
                                                                          ('a50e8400-e29b-41d4-a716-446655440011', '550e8400-e29b-41d4-a716-446655440003', '550e8400-e29b-41d4-a716-446655440001', 'The trademark search is complete for Digital Marketing Pro', '2025-01-18 15:00:00'),
                                                                          ('a50e8400-e29b-41d4-a716-446655440012', '550e8400-e29b-41d4-a716-446655440001', '550e8400-e29b-41d4-a716-446655440003', 'Excellent! Any conflicts found?', '2025-01-18 15:10:00'),
                                                                          ('a50e8400-e29b-41d4-a716-446655440013', '550e8400-e29b-41d4-a716-446655440003', '550e8400-e29b-41d4-a716-446655440001', 'No direct conflicts. We should be good to proceed with the application.', '2025-01-18 15:15:00'),
                                                                          ('a50e8400-e29b-41d4-a716-446655440014', '550e8400-e29b-41d4-a716-446655440004', '550e8400-e29b-41d4-a716-446655440002', 'IRS audit documents are ready for review for ABC Corp', '2025-01-18 16:00:00'),
                                                                          ('a50e8400-e29b-41d4-a716-446655440015', '550e8400-e29b-41d4-a716-446655440002', '550e8400-e29b-41d4-a716-446655440004', 'Thanks Emily! I will review them tonight.', '2025-01-18 16:15:00'),
                                                                          ('a50e8400-e29b-41d4-a716-446655440016', '550e8400-e29b-41d4-a716-446655440006', '550e8400-e29b-41d4-a716-446655440007', 'Custody evaluation report just arrived for the Garcia case', '2025-01-19 09:00:00'),
                                                                          ('a50e8400-e29b-41d4-a716-446655440017', '550e8400-e29b-41d4-a716-446655440007', '550e8400-e29b-41d4-a716-446655440006', 'Please scan and upload it to the case file immediately', '2025-01-19 09:05:00'),
                                                                          ('a50e8400-e29b-41d4-a716-446655440018', '550e8400-e29b-41d4-a716-446655440008', '550e8400-e29b-41d4-a716-446655440003', 'Environmental compliance documents are complex. Need your expertise.', '2025-01-19 10:00:00'),
                                                                          ('a50e8400-e29b-41d4-a716-446655440019', '550e8400-e29b-41d4-a716-446655440003', '550e8400-e29b-41d4-a716-446655440008', 'I can help. Let us discuss after lunch today.', '2025-01-19 10:15:00'),
                                                                          ('a50e8400-e29b-41d4-a716-446655440020', '550e8400-e29b-41d4-a716-446655440002', '550e8400-e29b-41d4-a716-446655440001', 'Robert Lee property closing needs your signature on documents', '2025-01-19 11:00:00');

-- Insert Case History (tracks major events and status changes in cases)
INSERT INTO case_history (id, case_id, action, description, performed_by, timestamp) VALUES
                                                                                         ('b50e8400-e29b-41d4-a716-446655440001', '750e8400-e29b-41d4-a716-446655440001', 'CASE_CREATED', 'Case opened for ABC Corp contract dispute', '550e8400-e29b-41d4-a716-446655440001', '2025-01-10 08:00:00'),
                                                                                         ('b50e8400-e29b-41d4-a716-446655440002', '750e8400-e29b-41d4-a716-446655440001', 'LAWYER_ASSIGNED', 'Assigned to Sarah Johnson', '550e8400-e29b-41d4-a716-446655440001', '2025-01-10 08:30:00'),
                                                                                         ('b50e8400-e29b-41d4-a716-446655440003', '750e8400-e29b-41d4-a716-446655440001', 'DOCUMENT_ADDED', 'Original contract and delivery records uploaded', '550e8400-e29b-41d4-a716-446655440002', '2025-01-10 09:30:00'),
                                                                                         ('b50e8400-e29b-41d4-a716-446655440004', '750e8400-e29b-41d4-a716-446655440001', 'HEARING_SCHEDULED', 'Initial hearing scheduled for January 20, 2025', '550e8400-e29b-41d4-a716-446655440002', '2025-01-11 14:00:00'),
                                                                                         ('b50e8400-e29b-41d4-a716-446655440005', '750e8400-e29b-41d4-a716-446655440002', 'CASE_CREATED', 'Patent infringement defense case opened', '550e8400-e29b-41d4-a716-446655440001', '2025-01-11 09:00:00'),
                                                                                         ('b50e8400-e29b-41d4-a716-446655440006', '750e8400-e29b-41d4-a716-446655440002', 'LAWYER_ASSIGNED', 'Assigned to Michael Chen', '550e8400-e29b-41d4-a716-446655440001', '2025-01-11 09:15:00'),
                                                                                         ('b50e8400-e29b-41d4-a716-446655440007', '750e8400-e29b-41d4-a716-446655440003', 'CASE_CREATED', 'Personal injury claim filed', '550e8400-e29b-41d4-a716-446655440001', '2025-01-12 10:00:00'),
                                                                                         ('b50e8400-e29b-41d4-a716-446655440008', '750e8400-e29b-41d4-a716-446655440003', 'STATUS_CHANGED', 'Status changed from OPEN to PENDING - awaiting medical evaluation', '550e8400-e29b-41d4-a716-446655440004', '2025-01-13 11:00:00'),
                                                                                         ('b50e8400-e29b-41d4-a716-446655440009', '750e8400-e29b-41d4-a716-446655440004', 'CASE_CREATED', 'Employment dispute case initiated', '550e8400-e29b-41d4-a716-446655440001', '2025-01-13 08:00:00'),
                                                                                         ('b50e8400-e29b-41d4-a716-446655440010', '750e8400-e29b-41d4-a716-446655440005', 'CASE_CREATED', 'Import license assistance requested', '550e8400-e29b-41d4-a716-446655440001', '2024-11-01 09:00:00'),
                                                                                         ('b50e8400-e29b-41d4-a716-446655440011', '750e8400-e29b-41d4-a716-446655440005', 'STATUS_CHANGED', 'Status changed from OPEN to CLOSED - License approved', '550e8400-e29b-41d4-a716-446655440003', '2024-12-15 16:00:00'),
                                                                                         ('b50e8400-e29b-41d4-a716-446655440012', '750e8400-e29b-41d4-a716-446655440006', 'CASE_CREATED', 'Divorce proceedings initiated', '550e8400-e29b-41d4-a716-446655440001', '2025-01-14 12:00:00'),
                                                                                         ('b50e8400-e29b-41d4-a716-446655440013', '750e8400-e29b-41d4-a716-446655440006', 'MEDIATION_SCHEDULED', 'Mediation session scheduled with both parties', '550e8400-e29b-41d4-a716-446655440007', '2025-01-15 10:00:00'),
                                                                                         ('b50e8400-e29b-41d4-a716-446655440014', '750e8400-e29b-41d4-a716-446655440007', 'CASE_CREATED', 'EPA compliance review initiated', '550e8400-e29b-41d4-a716-446655440001', '2025-01-15 09:00:00'),
                                                                                         ('b50e8400-e29b-41d4-a716-446655440015', '750e8400-e29b-41d4-a716-446655440008', 'CASE_CREATED', 'Estate planning consultation started', '550e8400-e29b-41d4-a716-446655440001', '2024-10-01 10:00:00'),
                                                                                         ('b50e8400-e29b-41d4-a716-446655440016', '750e8400-e29b-41d4-a716-446655440008', 'DOCUMENT_ADDED', 'Will and trust documents finalized', '550e8400-e29b-41d4-a716-446655440007', '2024-10-15 14:30:00'),
                                                                                         ('b50e8400-e29b-41d4-a716-446655440017', '750e8400-e29b-41d4-a716-446655440008', 'STATUS_CHANGED', 'Status changed from OPEN to CLOSED - Estate planning complete', '550e8400-e29b-41d4-a716-446655440007', '2024-11-20 15:00:00'),
                                                                                         ('b50e8400-e29b-41d4-a716-446655440018', '750e8400-e29b-41d4-a716-446655440009', 'CASE_CREATED', 'Trademark registration process started', '550e8400-e29b-41d4-a716-446655440001', '2025-01-16 09:00:00'),
                                                                                         ('b50e8400-e29b-41d4-a716-446655440019', '750e8400-e29b-41d4-a716-446655440010', 'CASE_CREATED', 'Real estate transaction review requested', '550e8400-e29b-41d4-a716-446655440001', '2025-01-17 14:00:00'),
                                                                                         ('b50e8400-e29b-41d4-a716-446655440020', '750e8400-e29b-41d4-a716-446655440011', 'CASE_CREATED', 'IRS audit defense case opened', '550e8400-e29b-41d4-a716-446655440001', '2025-01-18 08:00:00'),
                                                                                         ('b50e8400-e29b-41d4-a716-446655440021', '750e8400-e29b-41d4-a716-446655440011', 'CLIENT_MEETING', 'Initial consultation with ABC Corp CFO', '550e8400-e29b-41d4-a716-446655440004', '2025-01-18 10:00:00'),
                                                                                         ('b50e8400-e29b-41d4-a716-446655440022', '750e8400-e29b-41d4-a716-446655440012', 'CASE_CREATED', 'Merger consultation initiated', '550e8400-e29b-41d4-a716-446655440001', '2024-09-01 09:00:00'),
                                                                                         ('b50e8400-e29b-41d4-a716-446655440023', '750e8400-e29b-41d4-a716-446655440012', 'DUE_DILIGENCE_COMPLETE', 'Legal due diligence completed successfully', '550e8400-e29b-41d4-a716-446655440007', '2024-10-15 16:00:00'),
                                                                                         ('b50e8400-e29b-41d4-a716-446655440024', '750e8400-e29b-41d4-a716-446655440012', 'STATUS_CHANGED', 'Status changed from OPEN to CLOSED - Merger approved', '550e8400-e29b-41d4-a716-446655440007', '2024-11-01 17:00:00');

-- Insert Case Notes (detailed notes and observations about cases)
INSERT INTO case_notes (id, case_id, title, content, created_by, created_at, is_private) VALUES
                                                                                             ('c50e8400-e29b-41d4-a716-446655440001', '750e8400-e29b-41d4-a716-446655440001', 'Initial Case Assessment', 'Client claims supplier breached contract by delivering materials 3 weeks late, causing $500,000 in production delays. Contract includes penalty clauses that may apply. Need to review force majeure provisions.', '550e8400-e29b-41d4-a716-446655440002', '2025-01-10 10:00:00', false),
                                                                                             ('c50e8400-e29b-41d4-a716-446655440002', '750e8400-e29b-41d4-a716-446655440001', 'Contract Analysis Complete', 'Reviewed contract thoroughly. Penalty clause clearly states 2% per week for late delivery. Force majeure clause does not cover supplier''s stated reasons (labor shortage). Strong case for breach.', '550e8400-e29b-41d4-a716-446655440005', '2025-01-11 16:00:00', false),
                                                                                             ('c50e8400-e29b-41d4-a716-446655440003', '750e8400-e29b-41d4-a716-446655440001', 'Settlement Strategy', 'Client open to settlement if amount exceeds $400,000. Suggest starting negotiations at $600,000 to leave room for compromise.', '550e8400-e29b-41d4-a716-446655440002', '2025-01-12 09:00:00', true),
                                                                                             ('c50e8400-e29b-41d4-a716-446655440004', '750e8400-e29b-41d4-a716-446655440002', 'Patent Analysis', 'Our client''s patent predates competitor''s by 18 months. Clear evidence of infringement in claims 1, 3, and 7. Competitor''s product uses identical methodology described in our patent.', '550e8400-e29b-41d4-a716-446655440003', '2025-01-11 15:00:00', false),
                                                                                             ('c50e8400-e29b-41d4-a716-446655440005', '750e8400-e29b-41d4-a716-446655440002', 'Prior Art Research', 'Found 3 potentially relevant prior art references. However, none fully anticipate our client''s invention. Combination would not be obvious to person skilled in the art.', '550e8400-e29b-41d4-a716-446655440006', '2025-01-12 14:00:00', false),
                                                                                             ('c50e8400-e29b-41d4-a716-446655440006', '750e8400-e29b-41d4-a716-446655440003', 'Medical Evaluation Summary', 'Client suffered whiplash, lower back injury, and mild concussion. Expected recovery time 6-8 months with physical therapy. Total medical expenses projected at $75,000.', '550e8400-e29b-41d4-a716-446655440004', '2025-01-13 10:00:00', false),
                                                                                             ('c50e8400-e29b-41d4-a716-446655440007', '750e8400-e29b-41d4-a716-446655440003', 'Insurance Company Response', 'Insurance offered $50,000 initial settlement. This is insufficient given medical costs and lost wages. Recommend counter at $200,000.', '550e8400-e29b-41d4-a716-446655440004', '2025-01-14 11:00:00', false),
                                                                                             ('c50e8400-e29b-41d4-a716-446655440008', '750e8400-e29b-41d4-a716-446655440004', 'Wrongful Termination Evidence', 'Employee has strong performance reviews for 3 years. Termination occurred 2 days after reporting safety violations to OSHA. Clear retaliation case.', '550e8400-e29b-41d4-a716-446655440002', '2025-01-13 14:00:00', false),
                                                                                             ('c50e8400-e29b-41d4-a716-446655440009', '750e8400-e29b-41d4-a716-446655440004', 'Witness Statements', 'Collected statements from 4 coworkers confirming retaliation. All willing to testify if needed.', '550e8400-e29b-41d4-a716-446655440005', '2025-01-14 10:00:00', false),
                                                                                             ('c50e8400-e29b-41d4-a716-446655440010', '750e8400-e29b-41d4-a716-446655440005', 'Import License Requirements', 'Client needs licenses for electronics import from China. Helped prepare all documentation including country of origin certificates, safety compliance docs.', '550e8400-e29b-41d4-a716-446655440003', '2024-11-05 11:00:00', false),
                                                                                             ('c50e8400-e29b-41d4-a716-446655440011', '750e8400-e29b-41d4-a716-446655440005', 'License Approval', 'All licenses approved by customs authority. Client can begin importing immediately. Advised on ongoing compliance requirements.', '550e8400-e29b-41d4-a716-446655440003', '2024-12-15 14:00:00', false),
                                                                                             ('c50e8400-e29b-41d4-a716-446655440012', '750e8400-e29b-41d4-a716-446655440006', 'Initial Consultation Notes', 'Marriage duration: 12 years. 2 children (ages 8 and 10). Main issues: custody arrangement and division of $2M in assets. Both parties initially want primary custody.', '550e8400-e29b-41d4-a716-446655440007', '2025-01-14 14:00:00', true),
                                                                                             ('c50e8400-e29b-41d4-a716-446655440013', '750e8400-e29b-41d4-a716-446655440006', 'Asset Division Proposal', 'Proposed 60-40 split favoring our client due to primary childcare responsibilities and lower earning capacity. House to remain with primary custodial parent.', '550e8400-e29b-41d4-a716-446655440007', '2025-01-15 11:00:00', true),
                                                                                             ('c50e8400-e29b-41d4-a716-446655440014', '750e8400-e29b-41d4-a716-446655440007', 'EPA Compliance Gaps', 'Identified 3 areas of non-compliance: waste water treatment documentation incomplete, air quality monitoring gaps, missing chemical inventory updates.', '550e8400-e29b-41d4-a716-446655440004', '2025-01-15 13:00:00', false),
                                                                                             ('c50e8400-e29b-41d4-a716-446655440015', '750e8400-e29b-41d4-a716-446655440007', 'Remediation Plan', 'Created 90-day remediation plan. Client needs to install new monitoring equipment ($50,000) and hire environmental compliance officer.', '550e8400-e29b-41d4-a716-446655440008', '2025-01-16 10:00:00', false),
                                                                                             ('c50e8400-e29b-41d4-a716-446655440016', '750e8400-e29b-41d4-a716-446655440008', 'Estate Planning Overview', 'Total estate value: $5M. Includes primary residence, vacation home, investment portfolio, and business interests. Complex trust structure needed for tax optimization.', '550e8400-e29b-41d4-a716-446655440007', '2024-10-05 11:00:00', true),
                                                                                             ('c50e8400-e29b-41d4-a716-446655440017', '750e8400-e29b-41d4-a716-446655440008', 'Trust Structure Finalized', 'Established revocable living trust with pour-over will. Generation-skipping trust for grandchildren. Charitable remainder trust for tax benefits.', '550e8400-e29b-41d4-a716-446655440007', '2024-10-20 14:00:00', true),
                                                                                             ('c50e8400-e29b-41d4-a716-446655440018', '750e8400-e29b-41d4-a716-446655440009', 'Trademark Search Results', 'No identical marks found. Two similar marks in different industries - low risk of confusion. Recommend proceeding with application.', '550e8400-e29b-41d4-a716-446655440003', '2025-01-16 11:00:00', false),
                                                                                             ('c50e8400-e29b-41d4-a716-446655440019', '750e8400-e29b-41d4-a716-446655440009', 'USPTO Filing Strategy', 'Filing in classes 35 (advertising) and 42 (technology services). Using intent-to-use basis. Should receive initial response within 3 months.', '550e8400-e29b-41d4-a716-446655440006', '2025-01-17 09:00:00', false),
                                                                                             ('c50e8400-e29b-41d4-a716-446655440020', '750e8400-e29b-41d4-a716-446655440010', 'Property Due Diligence', 'Title search clean. No liens or encumbrances. Property survey shows 2-foot encroachment from neighbor - needs resolution before closing.', '550e8400-e29b-41d4-a716-446655440002', '2025-01-17 16:00:00', false),
                                                                                             ('c50e8400-e29b-41d4-a716-446655440021', '750e8400-e29b-41d4-a716-446655440010', 'Purchase Agreement Amendments', 'Negotiated price reduction of $25,000 due to needed roof repairs. Added inspection contingency and financing contingency clauses.', '550e8400-e29b-41d4-a716-446655440005', '2025-01-18 10:00:00', false),
                                                                                             ('c50e8400-e29b-41d4-a716-446655440022', '750e8400-e29b-41d4-a716-446655440011', 'IRS Audit Scope', 'Audit covers tax years 2022-2024. Focus on R&D tax credits and international transfer pricing. Potential exposure: $2M if adjustments upheld.', '550e8400-e29b-41d4-a716-446655440004', '2025-01-18 11:00:00', true),
                                                                                             ('c50e8400-e29b-41d4-a716-446655440023', '750e8400-e29b-41d4-a716-446655440011', 'Document Preparation Strategy', 'Gathering all R&D documentation, time tracking records, and technical specifications. Creating detailed position paper on transfer pricing methodology.', '550e8400-e29b-41d4-a716-446655440008', '2025-01-18 14:00:00', false),
                                                                                             ('c50e8400-e29b-41d4-a716-446655440024', '750e8400-e29b-41d4-a716-446655440012', 'Merger Initial Assessment', 'XYZ Industries acquiring smaller competitor. Deal value: $50M. Major concerns: antitrust review, IP portfolio integration, employee retention.', '550e8400-e29b-41d4-a716-446655440007', '2024-09-05 10:00:00', true),
                                                                                             ('c50e8400-e29b-41d4-a716-446655440025', '750e8400-e29b-41d4-a716-446655440012', 'Due Diligence Findings', 'No major legal obstacles found. Minor environmental liability at one facility ($200K remediation). Strong IP portfolio adds significant value.', '550e8400-e29b-41d4-a716-446655440007', '2024-10-10 15:00:00', true);